SMILES,Mean_Dock
COc1cccc(CNC2=NC(=C3[C@H](CCCc4cccc5ccccc45)C[C@H](N3C2=O)C(=O)N[C@@H](CC=C)B6OC7CC8CC(C8(C)C)[C@@]7(C)O6)Cl)c1,0.7560975551605225
O=C1C(CCN2CCC(CC2)c3ccccc3)CCc4cc(OCc5cccc(c5)c6ccccc6)ccc14,0.707317054271698
Cc1cc(cc(C)n1)c2c(F)cc3C(=O)C(=CN(C4CC4)c3c2F)Cc5cccc6ccccc56,0.9024389982223511
OP(=O)(O)c1cccc(c1)c2ccc(CC(Cc3ccc(cc3)C(F)(F)P(=O)(O)O)(c4ccccc4)n5nnc6ccccc56)cc2,0.7560975551605225
CC(C)Oc1cccc(c1)N2C(=Nc3ccccc3C2=O)NNC(=O)Nc4cccc(c4)C(=O)OC(C)(C)C,0.7560975551605225
Cc1cccc(NC(=O)NNC2=Nc3ccccc3C(=O)N2c4ccccc4)c1,0.7560975551605225
Cc1cccc(NC(=O)NNC2=Nc3ccccc3C(=O)N2c4ccc(Cl)c(Cl)c4)c1,0.7560975551605225
CN1C(=O)[C@H](NC(=O)Nc2cccc(C)c2)N=C(c3ccccc3)c4ccccc14,0.7317072749137878
Cc1cccc(NC(=O)NNC2=Nc3ccccc3C(=O)N2c4cccnc4)c1,0.7560975551605225
CN(C)c1cccc(c1)N2C(=Nc3ccccc3C2=O)NNC(=O)Nc4cccc(C)c4,0.9024389982223511
Cc1cccc(NC(=O)NNC2=Nc3ccccc3C(=O)N2c4cccc5ccccc45)c1,0.9268292188644409
Cc1cccc(NC(=O)NNC2=Nc3ccccc3C(=O)N2c4cccc(N)c4)c1,0.7804877758026123
Cl.Cn1cc(NC(=O)Cc2ccc(CO[C@H]3C#C\C=C/C#C[C@]4(O)CCC=C3C4=O)cc2)cc1C(=O)Cc5cc(C(=O)NCCC(=N)N)n(C)c5,0.7560975551605225
Cc1cc(C)c(c(C)c1)S(=O)(=O)N[C@@H](Cc2ccc(cc2)c3cccc(NC(=O)Nc4nc5ccccc5[nH]4)c3)C(=O)O,0.9756097197532654
OC(=O)C(Cc1ccccc1)NS(=O)(=O)c2cccc(c2)c3cccc(NC(=O)Nc4nc5ccccc5[nH]4)c3,0.9756097197532654
NC(=O)CSc1ccc(CC2CCN(CC2)C3CCN(CC3)C(=O)c4cccc5ccccc45)cc1,0.8536584973335266
CC(C)Sc1ccc(CC2CCN(CC2)C3CCN(CC3)C(=O)c4cccc5ccc(F)cc45)cc1,0.7560975551605225
CC(C)Sc1ccc(CC2CCN(CC2)C3CCN(CC3)C(=O)c4cccc5cc(F)ccc45)cc1,0.8536584973335266
OCCSc1ccc(CC2CCN(CC2)C3CCN(CC3)C(=O)c4cccc5ccccc45)cc1,0.8536584973335266
CC(C)S(=O)(=O)c1ccc(CC2CCN(CC2)C3CCN(CC3)C(=O)c4cccc5ccccc45)cc1,0.7804877758026123
CC(C)Sc1ccc(CC2CCN(CC2)C3CCN(CC3)C(=O)c4cccc5ccccc45)cc1,0.7560975551605225
[Na+].[Na+].C[C@@H](NC(=O)[C@@](C)(Cc1cn(C(=O)c2ccccc2COP(=O)([O-])[O-])c3ccccc13)NC(=O)OCc4oc5ccccc5c4)c6ccccc6,0.9024389982223511
[Na+].CC(C)(O)c1ccccc1CS[C@@H](CCC2(CC(=O)[O-])CC2)c3cccc(CCc4ccc5ccc(Cl)cc5n4)c3,0.7560975551605225
[Na+].CC(C)(CC[C@H](SCCc1ccccn1)c2cccc(CCc3ccc4ccc(Cl)cc4n3)c2)CC(=O)[O-],0.7804877758026123
[Na+].CC(C)(CC[C@H](SCc1ccccn1)c2cccc(CCc3ccc4ccc(Cl)cc4n3)c2)CC(=O)[O-],0.7560975551605225
CSc1cc2CCN(C(=O)Nc3cccc(c3)c4ccncc4)c2cc1C(F)(F)F,0.7317072749137878
COC(=O)C1=CO[C@@H](C)[C@H]2C=[N+]3CCc4c([nH]c5ccccc45)[C@@H]3C[C@H]12,0.7804877758026123
[Na+].[O-]C(=O)CCSC(CCc1ccccc1c2nc[nH]n2)c3cccc(OCc4ccc5ccc(Cl)cc5n4)c3,0.9024389982223511
[Na+].[O-]C(=O)CCSC(CCc1ccccc1C(=O)N2CCCCC2)c3cccc(OCc4ccc5ccc(Cl)cc5n4)c3,0.9512194991111755
O[C@@H](CCC(=O)NC(c1cccc(c1)C(F)(F)F)c2cc3ccccc3[nH]2)[C@H](Cc4ccccc4)NC(=O)CC(NC(=O)c5ccc6ccccc6n5)C(=O)O,0.9268292188644409
CN1CCC2(CC1)COc3ccc(NC(=O)N4CCC(CC4)c5c[nH]c6ccc(F)cc56)cc23,0.7804877758026123
CN1CCC2(CC1)COc3ccc(NC(=O)c4ccc(cc4)c5ccc(cc5C)c6noc(C)n6)cc23,0.9512194991111755
OC1=C(C(C2CC2)c3cccc(NS(=O)(=O)c4ccc5ccccc5c4)c3)C(=O)C6=C(CCCCCC6)O1,0.7560975551605225
OC1=C(C(C2CC2)c3cccc(NS(=O)(=O)c4cccc5ccccc45)c3)C(=O)C6=C(CCCCCC6)O1,0.707317054271698
CC1Cc2c(OCc3ccc(cn3)c4ccccc4)ccc5c2c(S1)c(CC(C)(C)Cc6nnn[nH]6)n5Cc7ccc(Cl)cc7,0.7804877758026123
Brc1ccc2[nH]c3cc(c4CNC(=O)c4c3c2c1)c5ccccc5,0.7317072749137878
CC(C)(C)OC(=O)\C=C\c1ccc2[nH]c3cc(c4CNC(=O)c4c3c2c1)c5ccccc5,0.7317072749137878
O=C1NCc2c1c(cc3[nH]c4ccccc4c23)c5ccccc5,0.8536584973335266
O=C1NCc2c(cc3[nH]c4ccc(\C=C\c5ccccc5)cc4c3c12)c6ccccc6,0.9756097197532654
O=C1NCc2c(cc3[nH]c4ccccc4c3c12)c5ccccc5,0.7560975551605225
Cc1c[nH]c2C(=O)C=C3N(CC4CC34c12)C(=O)c5cc6cc(NC(=O)c7cc8ccccc8[nH]7)ccc6[nH]5,0.9756097197532654
C(Oc1cccc(OCc2ccc3ccccc3n2)c1)c4ccc(cc4)c5nn[nH]n5,0.707317054271698
C(Oc1cccc(OCc2ccc3ccccc3n2)c1)c4cccc(c4)c5nn[nH]n5,0.7560975551605225
Clc1ccc(NC(=O)c2ccccc2)cc1Nc3nccc(n3)c4cccnc4,0.8536584973335266
Cc1ccc(NC(=O)c2ccccc2)cc1Nc3nccc(n3)c4ccc[n+]([O-])c4,0.9756097197532654
CN(C(=O)c1ccccc1)c2ccc(C)c(Nc3nccc(n3)c4cccnc4)c2,0.8292682766914368
O=C(Nc1cccc(Nc2nccc(n2)c3cccnc3)c1)c4ccccc4,0.7560975551605225
CC(=O)Nc1ccc(C)c(Nc2nccc(n2)c3cccnc3)c1,0.7560975551605225
Cc1ccc(cc1)C(=O)Nc2ccc(C)c(Nc3nccc(n3)c4cccnc4)c2,0.9756097197532654
Cc1ccc(NC(=O)c2ccc(Cl)cc2)cc1Nc3nccc(n3)c4cccnc4,0.9268292188644409
Cc1ccc(NC(=O)c2ccccc2)cc1Nc3nccc(n3)c4cccnc4,0.9512194991111755
COc1ccccc1C(=O)Nc2ccc(C)c(Nc3nccc(n3)c4cccnc4)c2,0.7560975551605225
Cc1ccc(NC(=O)c2ccc3ccccc3c2)cc1Nc4nccc(n4)c5cccnc5,0.9756097197532654
Cn1c(c(CCC(=O)N2CCC(O)(Cc3ccccc3)CC2)c4cc(ccc14)N5CCCCC5)c6ccc(Cl)cc6,0.7317072749137878
Cn1c(c(CCC(=O)N2CCC(O)(Cc3ccccc3)CC2)c4cc(ccc14)N5CCOCC5)c6ccc(Cl)cc6,0.7560975551605225
Cn1c(c(CCC(=O)N2CCC(O)(Cc3ccccc3)CC2)c4cc(ccc14)c5ccncc5)c6ccc(Cl)cc6,0.7317072749137878
O=C1NC(=O)c2c1c3nc4ccccc4cc3c5[nH]c6ccccc6c25,0.7560975551605225
Clc1ccc2NC(=O)C(Cc3cccc4ccccc34)N=C(c5ccccc5)c2c1,0.9268292188644409
CN1CCC2(CC1)COc3cc4CCN(C(=O)c5ccc(cc5)c6ccc(cc6C)c7noc(C)n7)c4cc23,0.9756097197532654
Brc1ccc2[nH]cc(CC3N=C(c4ccccc4)c5ccccc5NC3=O)c2c1,0.7560975551605225
Cc1ccc(cc1)S(=O)(=O)Nc2cccc(c2)c3ncc(C)c4nc(N)nn34,0.7560975551605225
CC(=O)Nc1nc2ccnc(c3cccc(NS(=O)(=O)c4ccc(C)cc4)c3)n2n1,0.9024389982223511
Cc1ccc(cc1)S(=O)(=O)Nc2cccc(c2)c3nccc4nc(N)nn34,0.8048779964447021
CC(=O)Nc1nc2c(C)cnc(c3cccc(NS(=O)(=O)c4ccc(C)cc4)c3)n2n1,0.8536584973335266
CN(c1cccc(NC(=O)N[C@@H]2N=C(c3ccccc3)c4ccccc4N(C)C2=O)c1)c5nn[nH]n5,0.8292682766914368
Cn1c(c(CCC(=O)N2CCC(O)(Cc3ccccc3)CC2)c4cc(Cl)ccc14)c5ccc(cn5)C(F)(F)F,0.7560975551605225
OC1(CC2COC(C1)O2)c3cc(F)cc(OCc4ccc5c(cc(nc5c4)C#N)c6cocc6)c3,0.7560975551605225
O=C1Nc2ccccc2CN3Cc4[nH]c5ccccc5c4CC13,0.7560975551605225
CNc1ccc(cc1)c2cc(C)cc(n2)C(=O)Nc3nn[nH]n3,0.707317054271698
FC(F)(F)c1ccc(cc1)c2ccc3Cn4cncc4CCN5CCN(C(=O)C5)c6cccc7ccc(Oc2c3)cc67,0.7560975551605225
C[C@]12CCC3C(CCC4NC(=O)C=C[C@]34C)C1CC[C@@H]2C(=O)Nc5cccc(c5)c6ccccc6,0.9024389982223511
CC(=O)CCCC(=O)NC1N=C(c2ccccc2)c3ccccc3N(CC(=O)NCCc4cccc5ccccc45)C1=O,0.7560975551605225
C[C@]12CCC3C(CCC4NC(=O)C=C[C@]34C)C1CC[C@@H]2C(=O)Nc5cccc6ccccc56,0.9024389982223511
CCc1nc2cc(OC3CCN(CC3)C(=N)C)ccc2n1Cc4cccc(c4)c5ccc(cc5)C(=N)N,0.7560975551605225
CCc1nc2ccc(OC3CCN(CC3)C(=N)C)cc2n1Cc4cccc(c4)c5ccc(cc5)C(=N)N,0.9024389982223511
CC1=C2NCC3C4CC[C@H](C(=O)Nc5cc(ccc5C(F)(F)F)C(F)(F)F)[C@@]4(C)CCC3[C@@]2(C)CCC1=O,0.9024389982223511
CC1=C2C=C(CC[C@]2(C)C3CC[C@@]4(C)C(CC[C@@H]4C(=O)c5cccc6ccccc56)C3C1)C(=O)O,0.7560975551605225
Oc1ccc2CC3N(CC4CC4)CCC56[C@@H](Oc1c25)c7c(C[C@@]36O)c8ccccc8n7Cc9cccc(c9)N=C=S,0.7560975551605225
Oc1ccc2CC3N(CC4CC4)CCC56[C@@H](Oc1c25)c7c(C[C@@]36O)c8ccccc8n7Cc9cccc(NC(=O)CBr)c9,0.8536584973335266
Oc1ccc2CC3N(CC4CC4)CCC56[C@@H](Oc1c25)c7c(C[C@@]36O)c8ccccc8n7Cc9ccccc9NC(=O)CBr,0.7560975551605225
CC(=O)Nc1ccc(Cn2c3[C@@H]4Oc5c(O)ccc6CC7N(CC8CC8)CCC4(c56)[C@@]7(O)Cc3c9ccccc29)cc1,0.7560975551605225
Oc1ccc2CC3N(CC4CC4)CCC56[C@@H](Oc1c25)c7c(C[C@@]36O)c8ccccc8n7Cc9ccccc9NC(=O)CI,0.8536584973335266
Oc1ccc2CC3N(CC4CC4)CCC56[C@@H](Oc1c25)c7c(C[C@@]36O)c8ccccc8n7Cc9ccc(NC(=O)CBr)cc9,0.7560975551605225
CC(=O)Nc1cccc(Cn2c3[C@@H]4Oc5c(O)ccc6CC7N(CC8CC8)CCC4(c56)[C@@]7(O)Cc3c9ccccc29)c1,0.9024389982223511
Fc1ccc(cc1)N2CCN(CC2)C(=O)c3ccc(Nc4ccnc5cc(ccc45)C(F)(F)F)cc3,0.8780487775802612
Fc1ccc(cc1)S(=O)(=O)N2CCN(CC2)C(=O)c3ccc(Nc4ccnc5cc(ccc45)C(F)(F)F)cc3,0.9024389982223511
FC(F)(F)c1ccc2c(Nc3ccc(cc3)C(=O)N4CCN(CC4)S(=O)(=O)c5ccc(Cl)cc5)ccnc2c1,0.7804877758026123
FC(F)(F)c1cccc(NC(=O)N2CCN(CC2)C(=O)c3ccc(Nc4ccnc5cc(ccc45)C(F)(F)F)cc3)c1,0.8536584973335266
Cc1cc(nc(N)n1)N2CCN(CC2)C(=O)c3ccc(Nc4ccnc5cc(ccc45)C(F)(F)F)cc3,0.9268292188644409
CSc1nccc(n1)N2CCN(CC2)C(=O)c3ccc(Nc4ccnc5cc(ccc45)C(F)(F)F)cc3,0.8536584973335266
FC(F)(F)c1ccc2c(Nc3ccc(cc3)C(=O)N4CCN(CC4)c5[nH]cnc6ncnc56)ccnc2c1,0.9512194991111755
COc1cc(nc(OC)n1)N2CCN(CC2)C(=O)c3ccc(Nc4ccnc5cc(ccc45)C(F)(F)F)cc3,0.7560975551605225
FC(F)(F)c1ccc2c(Nc3ccc(cc3)C(=O)N4CCN(CC4)C(=O)Nc5cccc(Cl)c5)ccnc2c1,0.8292682766914368
FC(F)(F)c1ccc2c(Nc3ccc(cc3)C(=O)N4CCNCC4)ccnc2c1,0.7560975551605225
Cc1ccc(NC(=O)N2CCN(CC2)C(=O)c3ccc(Nc4ccnc5cc(ccc45)C(F)(F)F)cc3)cc1,0.9268292188644409
FC(F)(F)c1ccc2c(Nc3ccc(cc3)C(=O)N4CCC(CC4)c5ccccc5)ccnc2c1,0.9512194991111755
Cc1cccc(c1)C2(O)CCN(CC2)C(=O)c3ccc(Nc4ccnc5cc(ccc45)C(F)(F)F)cc3,0.9756097197532654
Cc1ccccc1N2CCN(CC2)S(=O)(=O)c3ccc(Nc4ccnc5cc(ccc45)C(F)(F)F)cc3,0.7317072749137878
COc1ccc(cc1)C2(O)CCN(CC2)C(=O)c3ccc(Nc4ccnc5cc(ccc45)C(F)(F)F)cc3,0.7317072749137878
OC1(CCN(CC1)C(=O)c2ccc(Nc3ccnc4cc(ccc34)C(F)(F)F)cc2)c5ccc(Cl)cc5,0.9024389982223511
COc1ccc(cc1)C2=CCN(CC2)C(=O)c3ccc(Nc4ccnc5cc(ccc45)C(F)(F)F)cc3,0.8048779964447021
FC(F)(F)c1ccc2c(Nc3ccc(cc3)C(=O)N4CCN(CC4)c5ccccc5)ccnc2c1,0.9024389982223511
CS(=O)(=O)c1ccc(cc1)N2CCN(CC2)C(=O)c3ccc(Nc4ccnc5cc(ccc45)C(F)(F)F)cc3,0.7804877758026123
Cc1cccc(c1)C2=CCN(CC2)C(=O)c3ccc(Nc4ccnc5cc(ccc45)C(F)(F)F)cc3,0.9756097197532654
Cc1ccc(cc1)S(=O)(=O)N2CCN(CC2)C(=O)c3ccc(Nc4ccnc5cc(ccc45)C(F)(F)F)cc3,0.9268292188644409
FC(F)(F)c1ccc2c(Nc3ccc(cc3)C(=O)N4CCN(CC4)c5ccccn5)ccnc2c1,0.8536584973335266
FC(F)(F)c1ccc2c(Nc3ccc(cc3)C(=O)N4CCC(=CC4)c5ccc(Cl)cc5)ccnc2c1,0.9512194991111755
CC1(C)CCC[C@@](C)(O1)C2CC[C@]3(C)C2[C@H](O)CC4[C@@]5(C)CC[C@H](O)C(C)(C)C5CC[C@@]34C,0.7560975551605225
Fc1ccc(CO[C@H]2[C@H](OCCc3c[nH]c4ccccc34)O[C@H](COCc5ccc6ccccc6c5)[C@@H](OCc7ccccc7)[C@@H]2OCc8ccccc8)cc1,0.7317072749137878
CC1(C)CCC[C@@](C)(O1)C2CC[C@]3(C)C2[C@H](O)CC4[C@@]5(C)CC[C@H](O)C(C)(C)C5[C@@H](O)C[C@@]34C,0.8536584973335266
CC1(C)CCC[C@](C)(O1)C2CC[C@]3(C)C2[C@H](O)CC4[C@@]5(C)CC[C@H](O)C(C)(C)C5[C@@H](O)C[C@@]34C,0.8536584973335266
Fc1ccc(OC[C@H]2O[C@@H](OCCc3c[nH]c4ccccc34)[C@H](OCc5ccc6ccccc6c5)[C@@H](OCc7ccccc7)[C@@H]2OCc8ccccc8)cc1,0.9024389982223511
CC1(C)CCC[C@](C)(O1)C2CC[C@]3(C)C2[C@H](O)CC4[C@@]5(C)CC[C@H](O)C(C)(C)C5CC[C@@]34C,0.7560975551605225
Fc1ccc(COC[C@H]2O[C@@H](OCCc3c[nH]c4ccccc34)[C@H](OCc5ccc6ccccc6c5)[C@@H](OCc7ccccc7)[C@@H]2OCc8ccccc8)cc1,0.7317072749137878
O=C(N1CCC(CC1)N2C(=O)OCc3ccccc23)c4ccc5[nH]ccc5n4,0.7317072749137878
Fc1cc2oc(CNC(=O)CN3C=C(C=CC3=O)C(F)(F)F)cc2cc1C(=O)N4CCC(CC4)N5C(=O)OCc6ccccc56,0.7560975551605225
FC(F)(F)C1=CN(CC(=O)NCc2oc3ccc(cc3c2)C(=O)N4CCC(CC4)N5C(=O)OCc6ccc(Cl)cc56)C(=O)C=C1,0.8536584973335266
O=C(CN1C=CC(=NC1=O)c2ccccc2)NCc3oc4ccc(cc4c3)C(=O)N5CCC(CC5)N6C(=O)OCc7ccccc67,0.9024389982223511
FC(F)(F)C1=CN(CC(=O)NCc2nc3ccc(cc3s2)C(=O)N4CCC(CC4)N5C(=O)OCc6ccccc56)C(=O)C=C1,0.7560975551605225
FC(F)(F)C1=CN(CC(=O)NCc2oc3ccc(cc3c2)C(=O)N4CCC(CC4)N5C(=O)OCc6ccccc56)C(=O)C=C1,0.9024389982223511
Fc1cccc2N(C3CCN(CC3)C(=O)c4ccc5oc(CNC(=O)CN6C=C(C=CC6=O)C(F)(F)F)cc5c4)C(=O)OCc12,0.9268292188644409
FC(F)(F)C1=CN(CC(=O)NCc2oc3ccc(cc3c2)C(=O)N4CCC(CC4)N5C(=O)CCc6ccccc56)C(=O)C=C1,0.9268292188644409
Fc1cccc2COC(=O)N(C3CCN(CC3)C(=O)c4ccc5oc(CNC(=O)CN6C=C(C=CC6=O)C(F)(F)F)cc5c4)c12,0.9512194991111755
Fc1ccc2COC(=O)N(C3CCN(CC3)C(=O)c4ccc5oc(CNC(=O)CN6C=C(C=CC6=O)C(F)(F)F)cc5c4)c2c1,0.8780487775802612
Fc1ccc2N(C3CCN(CC3)C(=O)c4ccc5oc(CNC(=O)CN6C=C(C=CC6=O)C(F)(F)F)cc5c4)C(=O)OCc2c1,0.7804877758026123
FC(F)(F)C1=CN(C2CCN(Cc3oc4ccc(cc4c3)C(=O)N5CCC(CC5)N6C(=O)OCc7ccccc67)CC2)C(=O)C=C1,0.9512194991111755
FC(F)(F)C1=CN(Cc2cccc(c2)c3oc4ccc(cc4c3)C(=O)N5CCC(CC5)N6C(=O)OCc7ccccc67)C(=O)C=C1,0.9756097197532654
FC(F)(F)C1=CN(Cc2cncc(c2)c3oc4ccc(cc4c3)C(=O)N5CCC(CC5)N6C(=O)OCc7ccccc67)C(=O)C=C1,0.9756097197532654
FC(F)(F)C1=CN(C[C@@H]2CCCCN2Cc3oc4ccc(cc4c3)C(=O)N5CCC(CC5)N6C(=O)OCc7ccccc67)C(=O)C=C1,0.8536584973335266
CN1C(=O)[C@H](NC(=O)Nc2cccc(CC(=O)NCCC(=O)NCCSCc3csc(N=C(N)N)n3)c2)N=C(c4ccccc4)c5ccccc15,0.8536584973335266
O=C(CN1C=Cc2ccccc2C1=O)NCc3oc4ccc(cc4c3)C(=O)N5CCC(CC5)N6C(=O)OCc7ccccc67,0.9268292188644409
Cn1c(CNC(=O)CN2C=C(C=CC2=O)C(F)(F)F)cc3ccc(cc13)C(=O)N4CCC(CC4)N5C(=O)OCc6ccccc56,0.7560975551605225
FC(F)(F)C1=CN(CC(=O)NCc2oc3cc(ccc3c2)C(=O)N4CCC(CC4)N5C(=O)OCc6ccccc56)C(=O)C=C1,0.9024389982223511
FC(F)(F)C1=CN(CC(=O)NCc2oc3ncc(cc3c2)C(=O)N4CCC(CC4)N5C(=O)OCc6ccccc56)C(=O)C=C1,0.7560975551605225
CN1C(=O)[C@H](NC(=O)Nc2cccc(CC(=O)NCCCCCC(=O)NCCSCc3csc(N=C(N)N)n3)c2)N=C(c4ccccc4)c5ccccc15,0.7804877758026123
CN1C(=O)[C@H](NC(=O)Nc2cccc(CC(=O)NCCCC(=O)NCCSCc3csc(N=C(N)N)n3)c2)N=C(c4ccccc4)c5ccccc15,0.7560975551605225
Oc1ccc2CC3N(CC4CC4)CC[C@@]56[C@@H](Oc1c25)c7[nH]c8ccccc8c7C[C@@]36O,0.9268292188644409
OC(=O)C[C@H](NC(=O)CCC(NC(=O)c1cc(Cl)cc(Cl)c1)C(=O)N2CCC3(CCCC3)CC2)C(=O)Nc4cccc5ccccc45,0.7560975551605225
CN1C(=O)[C@H](NC(=O)Nc2cccc(CC(=O)NCCSCc3csc(N=C(N)N)n3)c2)N=C(c4ccccc4)c5ccccc15,0.9024389982223511
CN1C(=O)C(NC(=O)Nc2cccc(C)c2)N=C(c3cccc(OCC(=O)NCCSCc4csc(N=C(N)N)n4)c3)c5ccccc15,0.7560975551605225
CN1C(=O)C(NC(=O)Nc2cccc(C)c2)N=C(c3cccc(OCC(=O)NCCC(=O)NCCSCc4csc(N=C(N)N)n4)c3)c5ccccc15,0.7560975551605225
FC(F)(F)C1=CN(Cc2cccc(n2)c3oc4ccc(cc4c3)C(=O)N5CCC(CC5)N6C(=O)OCc7ccccc67)C(=O)C=C1,0.9756097197532654
FC(F)(F)C1=CN(Cc2ccnc(c2)c3oc4ccc(cc4c3)C(=O)N5CCC(CC5)N6C(=O)OCc7ccccc67)C(=O)C=C1,0.9512194991111755
FC(F)(F)C1=CN([C@@H]2CCCN(Cc3oc4ccc(cc4c3)C(=O)N5CCC(CC5)N6C(=O)OCc7ccccc67)C2)C(=O)C=C1,0.9268292188644409
OC(=O)CC[C@H](NC(=O)CCC(NC(=O)c1cc(Cl)cc(Cl)c1)C(=O)N2CCC3(CCCC3)CC2)C(=O)NCc4cccc5ccccc45,0.7560975551605225
CCNC(=O)CCN1CC[C@H](C1)N2CC(=O)N3[C@H](Cc4c([nH]c5ccccc45)[C@H]3c6ccc7OCOc7c6)C2=O,0.9024389982223511
O=C(CCN1CC[C@H](C1)N2CC(=O)N3[C@H](Cc4c([nH]c5ccccc45)[C@H]3c6ccc7OCOc7c6)C2=O)N8CCC8,0.9268292188644409
CN1C(=O)[C@H](NC(=O)Nc2cccc(c2)C(=O)NCCSCc3csc(N=C(N)N)n3)N=C(c4ccccc4)c5ccccc15,0.9268292188644409
CN1CC(=O)N2[C@H](Cc3c([nH]c4ccccc34)[C@H]2c5ccc6OCOc6c5)C1=O,0.7560975551605225
CCN1\C(=C\c2oc3ccc4ccccc4c3[n+]2CC)\S\C(=C/C=C/5\SC6=C(CCc7ccccc67)N5C)\C1=O.Cc8ccc(cc8)S(=O)(=O)[O-],0.7317072749137878
COc1ccc(cc1)[C@H]2N3[C@H](Cc4c2[nH]c5ccccc45)C(=O)N(CC3=O)[C@@H]6CCN(Cc7ccccc7)C6,0.7317072749137878
Cc1ccc(cc1)[C@H]2N3[C@H](Cc4c2[nH]c5ccccc45)C(=O)N(CC3=O)[C@@H]6CCN(Cc7ccccc7)C6,0.9756097197532654
NC(=O)CCN1CC[C@H](C1)N2CC(=O)N3[C@H](Cc4c([nH]c5ccccc45)[C@H]3c6ccc7OCOc7c6)C2=O,0.8536584973335266
CN(C)C(=O)CCN1CC[C@H](C1)N2CC(=O)N3[C@H](Cc4c([nH]c5ccccc45)[C@H]3c6ccc7OCOc7c6)C2=O,0.9024389982223511
O=C1CN([C@@H]2CCN(CCc3ncc[nH]3)C2)C(=O)[C@H]4Cc5c([nH]c6ccccc56)[C@H](N14)c7ccc8OCOc8c7,0.9024389982223511
Cn1ccnc1CCN2CC[C@H](C2)N3CC(=O)N4[C@H](Cc5c([nH]c6ccccc56)[C@H]4c7ccc8OCOc8c7)C3=O,0.9268292188644409
CCCCCN1CC[C@H](C1)N2CC(=O)N3[C@H](Cc4c([nH]c5ccccc45)[C@H]3c6ccc7OCOc7c6)C2=O,0.7317072749137878
O=C1CN(C2CN(Cc3ccccc3)C2)C(=O)[C@H]4Cc5c([nH]c6ccccc56)[C@H](N14)c7ccc8OCOc8c7,0.9512194991111755
CCCN1CC[C@H](C1)N2CC(=O)N3[C@H](Cc4c([nH]c5ccccc45)[C@H]3c6ccc7OCOc7c6)C2=O,0.9024389982223511
O=C1CN([C@@H]2CCN(CCc3ccccn3)C2)C(=O)[C@H]4Cc5c([nH]c6ccccc56)[C@H](N14)c7ccc8OCOc8c7,0.9268292188644409
O=C1CN([C@@H]2CCN(CCc3cnccn3)C2)C(=O)[C@H]4Cc5c([nH]c6ccccc56)[C@H](N14)c7ccc8OCOc8c7,0.9024389982223511
O=C1CN([C@@H]2CCN(CCc3cccnc3)C2)C(=O)[C@H]4Cc5c([nH]c6ccccc56)[C@H](N14)c7ccc8OCOc8c7,0.9756097197532654
Oc1ccc(cn1)[C@H]2N3[C@H](Cc4c2[nH]c5ccccc45)C(=O)N(CC3=O)[C@@H]6CCN(Cc7ccccc7)C6,0.8536584973335266
CN1C(=O)[C@H](NC(=O)Nc2ccc(C)cc2)N=C(c3ccccc3)c4ccccc14,0.7560975551605225
O=C1CN([C@@H]2CCN(Cc3ccccc3)C2)C(=O)[C@H]4Cc5c([nH]c6ccccc56)[C@H](N14)c7ccc8OCOc8c7,0.9268292188644409
O=C1CN(C2CCN(Cc3ccccc3)CC2)C(=O)[C@H]4Cc5c([nH]c6ccccc56)[C@H](N14)c7ccc8OCOc8c7,0.9268292188644409
COc1cccc(c1)[C@H]2N3[C@H](Cc4c2[nH]c5ccccc45)C(=O)N(CC3=O)[C@@H]6CCN(Cc7ccccc7)C6,0.7560975551605225
CN1C(=O)[C@H](NC(=O)Nc2cccc(COC(=O)NCNC(=O)CC(=O)NCCSCc3csc(C=C(N)N)n3)c2)N=C(c4ccccc4)c5ccccc15,0.7560975551605225
O=C1CN([C@H]2CCN(Cc3ccccc3)C2)C(=O)[C@H]4Cc5c([nH]c6ccccc56)[C@H](N14)c7ccc8OCOc8c7,0.9268292188644409
O=C1CN([C@@H]2CCN(CCC3CC3)C2)C(=O)[C@H]4Cc5c([nH]c6ccccc56)[C@H](N14)c7ccc8OCOc8c7,0.9024389982223511
C=CCCN1CC[C@H](C1)N2CC(=O)N3[C@H](Cc4c([nH]c5ccccc45)[C@H]3c6ccc7OCOc7c6)C2=O,0.8536584973335266
COc1ccc(cc1C)[C@H]2N3[C@H](Cc4c2[nH]c5ccccc45)C(=O)N(CC3=O)[C@@H]6CCN(Cc7ccccc7)C6,0.7560975551605225
CCCN1C(=O)N(CCC)c2[nH]c(nc2C1=O)c3cc(NC(=O)Cc4ccc(OCc5cccc(c5)C(F)(F)F)cc4)nn3C,0.8048779964447021
CCCN1C(=O)N(CCC)c2[nH]c(nc2C1=O)c3cc(NC(=O)Cc4ccc(OCc5ccccc5C(F)(F)F)cc4)nn3C,0.8536584973335266
O=C1C=C(Oc2cc(OCc3cccc(OCc4ccc5ccccc5n4)c3)ccc12)c6nn[nH]n6,0.8536584973335266
O=C(Nc1cccc2C(=O)C=C(Oc12)c3nn[nH]n3)c4ccc(OCc5ccc6ccccc6n5)cc4,0.9024389982223511
CC(C)c1cccc2C(=NC(NC(=O)Nc3cccc(c3)c4nn[nH]n4)C(=O)N(CC(=O)N5CC6CCC(CC6)C5)c12)c7ccccc7F,0.7560975551605225
CCc1cccc2C(=NC(NC(=O)Nc3cccc(c3)c4nn[nH]n4)C(=O)N(CC(=O)N5CC6CCC(CC6)C5)c12)c7ccccc7F,0.7560975551605225
CCN(CC)c1ccc2cc(oc2c1)C(=O)Nc3ccc4[nH]c(cc4c3)C(=O)N5C[C@@H](CCl)c6c5cc(OC(=O)Nc7ccccc7)c8[nH]cc(C)c68,0.9512194991111755
COC(=O)c1c([nH]c2c(OC(=O)N3CCN(C)CC3)cc4N(C[C@@H](CCl)c4c12)C(=O)c5cc6cc(NC(=O)c7cc8ccccc8cn7)ccc6[nH]5)C(F)(F)F,0.7804877758026123
COC(=O)c1c([nH]c2c(OC(=O)N3CCN(C)CC3)cc4N(C[C@@H](CCl)c4c12)C(=O)c5cc6cc(NC(=O)c7oc8c(OC)cccc8c7)ccc6[nH]5)C(F)(F)F,0.7560975551605225
COC(=O)c1c([nH]c2c(O)cc3N(C[C@@H](CCl)c3c12)C(=O)c4cc5cc(NC(=O)c6oc7cccc(OC)c7c6)ccc5[nH]4)C(F)(F)F,0.8536584973335266
COC(=O)c1c([nH]c2c(O)cc3N(C[C@@H](CCl)c3c12)C(=O)c4cc5cc(NC(=O)c6oc7ccccc7c6)ccc5[nH]4)C(F)(F)F,0.7317072749137878
COC(=O)c1[nH]c2C(=O)C=C3N(C[C@H]4C[C@@]34c2c1C(=O)OC)C(=O)c5cc6cc(NC(=O)c7oc8ccccc8c7)ccc6[nH]5,0.9268292188644409
Fc1ccccc1C2=NC(NC(=O)Nc3cccc(c3)c4nn[nH]n4)C(=O)N(CC(=O)N5CC6CCC(CC6)C5)c7ccccc27,0.7560975551605225
Fc1ccccc1C2=NC(NC(=O)Nc3cccc(c3)c4nn[nH]n4)C(=O)N(CC(=O)N5CC6CCC(CC6)C5)c7c(Cl)cccc27,0.7560975551605225
Cc1c[nH]c2C(=O)C=C3N(C[C@H]4C[C@@]34c12)C(=O)c5cc6cc(NC(=O)c7oc8ccccc8c7)ccc6[nH]5,0.9756097197532654
COC(=O)c1c([nH]c2C(=O)C=C3N(C[C@H]4C[C@@]34c12)C(=O)c5cc6cc(NC(=O)c7oc8ccccc8c7)ccc6[nH]5)C(F)(F)F,0.9512194991111755
Cc1c[nH]c2C(=O)C=C3N(C[C@H]4C[C@@]34c12)C(=O)c5cc6cc(NC(=O)c7cc8ccccc8[nH]7)ccc6[nH]5,0.9756097197532654
COC(=O)c1c([nH]c2c(OC(=O)N3CCN(C)CC3)cc4N(C[C@@H](CCl)c4c12)C(=O)c5cc6cc(NC(=O)c7oc8cc(OC)ccc8c7)ccc6[nH]5)C(F)(F)F,0.9024389982223511
COC(=O)c1c([nH]c2C(=O)C=C3N(C[C@H]4C[C@@]34c12)C(=O)c5cc6cc(NC(=O)c7cc8ccccc8[nH]7)ccc6[nH]5)C(F)(F)F,0.707317054271698
COC(=O)c1c([nH]c2c(O)cc3N(C[C@@H](CCl)c3c12)C(=O)c4cc5cc(NC(=O)c6cc7cccc(OC)c7cn6)ccc5[nH]4)C(F)(F)F,0.7560975551605225
Oc1ccc2CC3NCC[C@@]45[C@@H](Oc1c24)c6[nH]c7ccccc7c6C[C@@]35O,0.9756097197532654
CC1(C)C(=O)Nc2cc3[nH]c(nc3cc12)c4cnc5ccccc5c4,0.7804877758026123
OC(=O)C(Cc1ccc(NC(=O)c2cccc(NC3=NCCN3)c2)cc1)NS(=O)(=O)c4ccccc4,0.7317072749137878
OC(=O)C(Cc1ccc(NC(=O)c2cccc(NC3=NCCCN3)c2)cc1)NS(=O)(=O)c4ccccc4,0.9024389982223511
ONC(=O)c1cnc2cc(ccc2c1N(Cc3cccnc3)S(=O)(=O)c4ccc(cc4)c5ccccc5)C(F)(F)F,0.7317072749137878
Oc1ccc(cc1C2(O)C(=O)Nc3cc(ccc23)C(F)(F)F)c4ccccc4,0.7560975551605225
CN1C(=O)N(C)c2cc([nH]c2C1=O)c3cccc4ccccc34,0.7804877758026123
CC(=O)Nc1ccc2[nH]c(cc2c1)C(=O)Nc3ccc4[nH]c(cc4c3)C(=O)N5CC(CCl)c6c5cc(O)c7ccccc67,0.7560975551605225
CCCC(=O)Nc1ccc2oc(cc2c1)C(=O)Nc3ccc4[nH]c(cc4c3)C(=O)N5CC(CCl)c6c5cc(O)c7ccccc67,0.9268292188644409
CN1C(=O)N=C2N(c3ccccc3N=C2C1=O)c4cccc5cc6ccccc6cc45,0.8780487775802612
CC(=O)Nc1ccc2oc(cc2c1)C(=O)Nc3ccc4[nH]c(cc4c3)C(=O)N5CC(CCl)c6c5cc(O)c7ccccc67,0.9756097197532654
CC(=O)Nc1ccc2oc(cc2c1)C(=O)Nc3ccc4[nH]c(cc4c3)C(=O)N5CC6CC67C5=CC(=O)c8ccccc78,0.9512194991111755
O=C1NC(c2c[nH]c3ccccc23)Nc2sc3c(c21)CCCC3,0.9024389982223511
O=C(Nc1cccc(-c2nc3ccccc3[nH]2)c1)c1cccnc1,0.9024389982223511
Nc1cccc(C(=O)Nc2ccc3[nH]c(-c4ccccn4)nc3c2)c1,0.9268292188644409
O=C(Nc1cccc(-c2nc3ccccc3[nH]2)c1)c1ccncc1,0.9024389982223511
O=C(c1ccc(F)cc1)N1CCC(c2nc3ccccc3[nH]2)CC1,0.7560975551605225
NC1=Nc2nc3ccccc3n2C(c2c[nH]c3ccc(F)cc23)N1,0.7560975551605225
Cn1cc(C2NC(N)=Nc3nc4ccccc4n32)c2cc(F)ccc21,0.7560975551605225
Cc1ccc(C(=O)N2CCC(c3nc4ccccc4[nH]3)CC2)cc1,0.7804877758026123
O=C(Nc1nonc1-c1nc2ccccc2[nH]1)c1ccc(F)cc1,0.7804877758026123
Cc1[nH]c2nc(NC(=O)c3cccc4ccccc34)nn2c(=O)c1C,0.8536584973335266
O=C(Nc1cccc(-c2nc3ccccc3[nH]2)c1)C1CCCO1,0.9024389982223511
O=C(Nc1ccc2nc(-c3ccccn3)[nH]c2c1)c1ccccc1F,0.7560975551605225
O=C(Nc1ccc(-c2nc3ccccc3[nH]2)cc1)c1nc[nH]n1,0.7317072749137878
Nc1cccc(C(=O)Nc2cccc(-c3nc4ccccc4[nH]3)c2)c1,0.9756097197532654
O=C(Nc1cccc(-c2nc3ccccc3[nH]2)c1)c1cnccn1,0.8536584973335266
Nc1ccc(C(=O)Nc2cccc(-c3nc4ccccc4[nH]3)c2)cc1,0.9756097197532654
Nc1ccc(C(=O)Nc2ccc3nc(-c4ccccn4)[nH]c3c2)cc1,0.7560975551605225
Cn1nc(C(=O)Nc2cccc(-c3nc4ccccc4[nH]3)c2)ccc1=O,0.9756097197532654
CC1Oc2ccc(NC(=O)Cc3cccc4ccccc34)cc2NC1=O,0.7804877758026123
O=C(Nc1cccc(-c2nc3ccccc3[nH]2)c1)c1ccccn1,0.8536584973335266
O=C(NCc1ccccc1F)c1ccc2c(=O)n3c(nc2c1)CCC3,0.7317072749137878
Cc1ccc(NC(=O)c2ccc3c(=O)n4c(nc3c2)CCC4)cc1F,0.707317054271698
Cc1ccc2nc(-c3ccccc3)cc(C(=O)N3CCNC(=O)C3)c2c1,0.7560975551605225
Cc1cc(C(=O)Nc2cccc(-c3nc4ccccc4[nH]3)c2)nn1C,0.9268292188644409
Cc1cc(C(=O)Nc2cccc(-c3nc4ccccc4[nH]3)c2)n(C)n1,0.7560975551605225
Cc1cc(C(=O)Nc2cccc(-c3nc4ccccc4[nH]3)c2)no1,0.7560975551605225
CC(=O)N1CCc2ccc(NC(=O)c3cccc4ccccc34)cc2C1,0.7560975551605225
CC1Oc2ccc(NC(=O)c3cccc4ccccc34)cc2NC1=O,0.8536584973335266
CN1C(=O)CCc2cc(NC(=O)Cc3cccc4ccccc34)ccc21,0.7317072749137878
CN1CCOc2ccc(NC(=O)c3cccc4ccccc34)cc2C1=O,0.7804877758026123
O=C1CN(C(=O)c2cc(-c3ccccc3)nc3ccccc23)CCN1,0.9024389982223511
O=C(Nc1cccc(-c2nc3ccccc3[nH]2)c1)c1ccno1,0.9268292188644409
O=C1Cc2cc(NC(=O)c3cccc4ccccc34)ccc2N1,0.7317072749137878
O=C(NC1CCc2ccccc21)c1cc(=O)[nH]c2ccccc12,0.7560975551605225
Cc1ncc2c(n1)C1CN(C(=O)c3cccc4ncccc34)CC1CC2,0.7560975551605225
Cc1cc(C(=O)Nc2cccc(-c3nc4ccccc4[nH]3)c2)on1,0.9024389982223511
O=C(Nc1cccc(-c2nc3ccccc3[nH]2)c1)c1ccoc1,0.9756097197532654
O=C(c1ccc2c(c1)CCC2)N1CCC(c2nc3ccccc3[nH]2)CC1,0.7560975551605225
CC(Nc1nncc(-c2cccc3ccccc23)n1)c1cnn(C)c1,0.7317072749137878
Cc1ccccc1C(C)NC(=O)c1ccc2c(=O)n3c(nc2c1)CCC3,0.8536584973335266
O=C1CN(C(=O)c2cc(-c3ccc(F)cc3)nc3ccccc23)CCN1,0.9024389982223511
Cn1ccc(C(=O)Nc2cccc(-c3nc4ccccc4[nH]3)c2)n1,0.7560975551605225
O=C(Nc1ccc2[nH]ccc2c1)c1ccc2nc(C(F)(F)F)[nH]c2c1,0.8536584973335266
O=C(Nc1ccc2cc[nH]c2c1)c1ccc2nc(C(F)(F)F)[nH]c2c1,0.7560975551605225
O=C(Nc1c[nH]c2ccccc12)c1cccc2nc(C(F)(F)F)[nH]c12,0.8536584973335266
Cc1ccc(C)c(-n2c(=O)c3ccccc3n3c(C)nnc23)c1,0.7560975551605225
Cn1nc(C(=O)Nc2ccc(-c3nc4ccccc4[nH]3)cc2)ccc1=O,0.7804877758026123
O=C1CN(C(=O)c2cc(-c3cccnc3)nc3ccccc23)CCN1,0.8048779964447021
O=C1CN(C(=O)c2cc(-c3ccncc3)nc3ccccc23)CCN1,0.7560975551605225
Cc1cccc(-c2cc(C(=O)N3CCN(C)CC3)c3ccccc3n2)c1,0.7560975551605225
O=C(NCc1cccc2[nH]ccc12)c1cc2ccccc2o1,0.7560975551605225
Cc1ccc(NC(=O)c2cccc3c(=O)cc(C)[nH]c23)cc1,0.7317072749137878
Cc1ccc(NC(=O)c2cc(-c3cccnc3)nc3ccccc23)nc1,0.7560975551605225
CC1Oc2ccc(NC(=O)c3cc(=O)[nH]c4ccccc34)cc2NC1=O,0.7560975551605225
O=C(c1cc(Cl)c[nH]1)N1CC=C(c2c[nH]c3ccccc23)CC1,0.7560975551605225
O=C1Cc2cc(NC(=O)NCc3cccc4ccccc34)ccc2N1,0.9268292188644409
Cc1ccc(-c2cc(C(=O)Nc3nnc[nH]3)c3ccccc3n2)cc1,0.9756097197532654
O=C(Nc1nc[nH]n1)c1ccc2c(=O)n3c(nc2c1)CCCCC3,0.7317072749137878
Cc1cc(C(=O)Nc2cccc(-c3nnco3)c2)c2ccccc2n1,0.9024389982223511
O=C(CCc1nc2ccccc2[nH]1)Nc1cccc(-c2nnco2)c1,0.707317054271698
O=C(Nc1cccc(-c2nnco2)c1)c1cc(=O)[nH]c2ccccc12,0.9024389982223511
O=C(Nc1cccc(-c2nnco2)c1)c1cc(=O)c2ccccc2o1,0.8536584973335266
O=C(c1cc(=O)[nH]c2ccccc12)N1CC=C(c2ccccc2)CC1,0.7317072749137878
O=C(Nc1cccc(-c2cc[nH]n2)c1)c1cc(=O)c2ccccc2o1,0.9024389982223511
O=C(c1cc(Cl)c[nH]1)N1CCC(c2nc3ccccc3[nH]2)CC1,0.9024389982223511
O=C(Nc1ccc(-c2cc[nH]n2)cc1)c1cc(=O)[nH]c2ccccc12,0.7560975551605225
Cc1nccc(-c2cccc(NC(=O)C3Cc4ccccc4S3)c2)n1,0.7804877758026123
O=C(c1n[nH]c2ccccc12)N1CCC(c2nc3ccccc3[nH]2)CC1,0.7560975551605225
Cc1nccc(-c2cccc(NC(=O)c3ccc(C)c(F)c3)c2)n1,0.7804877758026123
Cc1nccc(-c2cccc(NC(=O)C3Cc4ccccc4O3)c2)n1,0.9024389982223511
Cc1nccc(-c2cccc(NC(=O)Cc3c[nH]c4ccccc34)c2)n1,0.8536584973335266
Cc1cc(C(=O)Nc2ccc3[nH]c(C)cc(=O)c3c2)c2ccccc2n1,0.7560975551605225
Cc1cc(=O)c2cc(C(=O)Nc3cccc(C(F)(F)F)c3)ccc2[nH]1,0.7317072749137878
Cc1nccc(-c2cccc(NC(=O)c3cc4ccccc4[nH]3)c2)n1,0.7560975551605225
O=C1CCc2cc(NC(=O)c3cc(=O)c4ccccc4o3)ccc2N1,0.7804877758026123
O=C(Nc1ccc2c(c1)OCCO2)C1CCCc2c1[nH]c1ccccc21,0.7560975551605225
Cn1cc(-c2cnc3ccc(NC(=O)c4ccccc4)cc3c2)cn1,0.7560975551605225
O=C(Nc1cccc(-c2cc[nH]n2)c1)c1cnc2ccccc2n1,0.9024389982223511
O=C(Nc1cccc(-c2cc[nH]n2)c1)c1c[nH]c2ccccc12,0.9024389982223511
O=C(Nc1cccc(-c2cc[nH]n2)c1)c1ccc2ncsc2c1,0.8536584973335266
O=C(Nc1cccc(-c2nc3ccccc3[nH]2)c1)c1ccc(=O)oc1,0.9756097197532654
Cc1cc(=O)[nH]c(-c2cccc(NC(=O)c3ccc4c(c3)CCC4)c2)n1,0.8536584973335266
Cc1cc(=O)[nH]c(-c2cccc(NC(=O)c3cc4ccccc4o3)c2)n1,0.9512194991111755
NC(=O)c1cccc(-c2nc3ccccc3c(=O)[nH]2)c1,0.8536584973335266
CCn1c(=O)[nH]c2cc(C(=O)NC3CCc4ccccc43)ccc2c1=O,0.8536584973335266
O=C(NC1CCc2cc(F)ccc21)c1ccc2cc[nH]c2c1,0.8536584973335266
O=C(NC1CCc2cc(F)ccc21)c1cc2ccccc2c(=O)[nH]1,0.7317072749137878
Cc1[nH]c2ccccc2c1C(=O)NC1CCc2cc(F)ccc21,0.7560975551605225
Cc1cc(C)n(Cc2cccc(C(=O)NC3CCc4ccccc43)c2)n1,0.7317072749137878
CC(=O)c1c[nH]c(C(=O)N2CC=C(c3cccc4ccccc34)CC2)c1,0.7317072749137878
O=C(Nc1c[nH]ccc1=O)c1cc(-c2ccccc2)nc2ccccc12,0.9024389982223511
Cn1c(=O)c2cc(NC(=O)c3ccc4cc[nH]c4c3)cnc2n(C)c1=O,0.8536584973335266
O=C(c1ccc2[nH]cnc2c1)N1CCC(C2Nc3ccccc3O2)CC1,0.7560975551605225
Cc1nccc(-c2cccc(NC(=O)c3ccc4c(c3)COC4)c2)n1,0.7560975551605225
Cc1cc(=O)[nH]c(-c2cccc(NC(=O)c3ccc4c(c3)COC4)c2)n1,0.7804877758026123
O=C1NCC(=O)N2CCN(C(=O)c3ccc4cccc(F)c4n3)CC12,0.8536584973335266
Cc1ccc2oc(C(=O)NC3C(=O)Nc4cccc(C)c43)cc2c1,0.7560975551605225
O=C(Nc1c[nH]ccc1=O)c1ccc2noc(-c3ccccc3)c2c1,0.8536584973335266
CN1CCCC2(CCN(C(=O)Nc3cccc4ccccc34)C2)C1=O,0.7560975551605225
Cc1cc(=O)[nH]c(-c2cccc(NC(=O)c3ccc(=O)n(C)c3)c2)n1,0.7560975551605225
O=C(c1cccc2ccccc12)N1CCC(c2n[nH]c(C3CC3)n2)CC1,0.7560975551605225
O=C(Nc1ccc2c3c(cccc13)CC2)N1CCC(n2cncn2)CC1,0.7317072749137878
O=C(NCc1cc2ccccc2[nH]1)Nc1cccc(-c2nnco2)c1,0.7560975551605225
Cc1cc(=O)[nH]c(-c2cccc(NC(=O)NC(C)c3ccccc3)c2)n1,0.707317054271698
O=C(Cc1ccccc1O)Nc1ccc2[nH]c(-c3ccccn3)nc2c1,0.7560975551605225
O=C(NCc1cccc2ccccc12)Nc1ccc2c(c1)C(=O)NCC2,0.9512194991111755
O=C(C1CC2CCC1O2)N1CCC(c2nc3ccccc3[nH]2)CC1,0.7317072749137878
O=C1NCCc2ccc(NC(=O)c3cccc4ccccc34)cc21,0.7804877758026123
O=C(Cc1cccc2ccccc12)Nc1ccc2c(c1)C(=O)NCC2,0.7560975551605225
O=C(C1CC2CCC1O2)N1CCC(c2c[nH]c3ccccc23)CC1,0.7317072749137878
Cc1cc(N2CCc3cnc(C)nc3C2)n2nc(C(F)(F)F)nc2n1,0.7317072749137878
O=C(Nc1ccc2nc(-c3ccccn3)[nH]c2c1)c1cccc(F)c1,0.7560975551605225
O=C(Nc1ccc2c(c1)CCN2C(=O)c1ccoc1)C1CC2C=CC1C2,0.7317072749137878
O=C(CNC(=O)NC1CC1)Nc1cccc(-c2nc3ccccc3[nH]2)c1,0.7560975551605225
O=C(Nc1cccc(-c2ccc(=O)[nH]n2)c1)c1cc2cc(F)ccc2o1,0.7560975551605225
O=C(Nc1cccc(-c2nc[nH]n2)c1)c1ccc2cc[nH]c2c1,0.7560975551605225
O=C1CN(C(=O)C2C3CCC4(CC(=O)c5ccccc5O4)C32)CCN1,0.7560975551605225
O=C1CCC(C(=O)Nc2cccc(-c3nc4ccccc4[nH]3)c2)N1,0.9756097197532654
Cc1ccc(C(=O)Nc2cccc(-c3nc4ccccc4[nH]3)c2)cn1,0.7560975551605225
O=C(NC1CCc2ccccc21)c1nc2ccccc2c(=O)[nH]1,0.7560975551605225
Cc1ccc2ncc(C(=O)NCc3cccc4ccccc34)c(=O)n2c1,0.7560975551605225
Cc1ccc(C(=O)N2CC=C(c3cccc4ccccc34)CC2)c(=O)[nH]1,0.7317072749137878
CN1CC(C(=O)Nc2cccc(-c3nc4ccccc4[nH]3)c2)CC1=O,0.9024389982223511
O=C(c1ccc2cc[nH]c2c1)N1CCC(c2c[nH]c3ccccc23)CC1,0.7560975551605225
O=C(Cc1n[nH]c2ccccc12)Nc1cccc(-c2ncc[nH]2)c1,0.7560975551605225
O=C1CN(C(=O)Nc2ccc3c4c(cccc24)CC3)CCN1,0.7560975551605225
CC(NC(=O)Nc1ccc2c(c1)CCC(=O)N2)c1nc2ccccc2[nH]1,0.7560975551605225
O=C(Nc1cccc(-c2ncc[nH]2)c1)C1Cc2cc(F)ccc2O1,0.7560975551605225
Cc1cc(=O)[nH]c(-c2cccc(NC(=O)c3ccc4cc[nH]c4c3)c2)n1,0.9756097197532654
c1cc(-c2nc3ccccc3[nH]2)cc(-n2ccnc2-c2ncc[nH]2)c1,0.7317072749137878
O=C(Nc1ccccc1)NC1CCN(C(=O)c2ccc3cc[nH]c3n2)C1,0.7560975551605225
O=C(Nc1cnc2ccccc2c1)c1ccc2c(c1)C(=O)CCCO2,0.7560975551605225
O=C(Nc1cccc(-c2nc3ccccc3[nH]2)c1)c1ccncc1F,0.9268292188644409
O=C(Cn1ccccc1=O)Nc1cccc(-c2nc3ccccc3[nH]2)c1,0.7804877758026123
O=C(Nc1cccc(-c2nc3ccccc3[nH]2)c1)c1cc[nH]n1,0.9268292188644409
O=C(Nc1cccc(-c2ncc[nH]2)c1)c1ccc2cc[nH]c2c1,0.9512194991111755
Cn1cc(Nc2cccc(NC(=O)c3ccc4[nH]cnc4c3)c2)cn1,0.7560975551605225
Cn1cnnc1-c1cccc(NC(=O)c2ccc3cc[nH]c3c2)c1,0.7560975551605225
O=C(Nc1cnc2ccccc2c1)c1cccc2[nH]ccc12,0.7317072749137878
O=C(Nc1ccc(-c2ccccc2)cn1)c1cc(=O)[nH]c2ccccc12,0.8536584973335266
O=C(NCc1cc(=O)[nH]c2ccccc12)NC1CCc2ccccc21,0.7560975551605225
O=C(NCc1cc(=O)[nH]c2ccccc12)NCC1CC1c1ccccc1,0.7317072749137878
O=C(NCc1cc(=O)[nH]c2ccccc12)Nc1ccc2c(c1)CCC2,0.9024389982223511
O=C(NCc1cc(=O)[nH]c2ccccc12)Nc1cccc2c1CCCC2,0.7804877758026123
O=C(NCc1cc(=O)[nH]c2ccccc12)Nc1ccc2[nH]ccc2c1,0.7560975551605225
O=C(NCc1cc(=O)[nH]c2ccccc12)Nc1cc(F)c(F)c(F)c1,0.707317054271698
Cc1cc(=O)[nH]cc1C(=O)Nc1cccc(-c2nc3ccccc3[nH]2)c1,0.8292682766914368
O=C(Nn1cnc2ccccc2c1=O)c1cccc(-c2ccoc2)c1,0.7560975551605225
O=C(Nc1ccc2[nH]c(=O)[nH]c2c1)c1cccc(-c2ccoc2)c1,0.9024389982223511
CN1CCc2nc(NC(=O)c3cccc(-c4ccoc4)c3)sc2C1,0.8536584973335266
CC(NC(=O)c1cccc(-c2ccoc2)c1)c1nc2ccccc2[nH]1,0.9756097197532654
CC1Oc2ccc(NC(=O)c3cccc(-c4ccoc4)c3)cc2NC1=O,0.9268292188644409
CC(=O)N1CCc2cc(NC(=O)c3cccc(-c4ccoc4)c3)ccc21,0.7560975551605225
O=C(Nc1ccc(N2CCOCC2)nc1)c1cccc(-c2ccoc2)c1,0.7560975551605225
O=C(Nc1ccc(N2CCCC2)nc1)c1cccc(-c2ccoc2)c1,0.7804877758026123
NC(=O)c1ccc(NC(=O)c2cccc(-c3ccoc3)c2)cc1,0.707317054271698
O=C(Nc1ccc(N2CCOCC2)cn1)c1cccc(-c2ccoc2)c1,0.7317072749137878
Cc1nn(C)c2ncc(NC(=O)c3cccc(-c4ccoc4)c3)cc12,0.7560975551605225
O=C(Nc1ccc2oc(=O)[nH]c2c1)c1cccc(-c2ccoc2)c1,0.9512194991111755
O=C1CCc2cc(NC(=O)c3cccc(-c4ccoc4)c3)ccc2N1,0.9024389982223511
CC(=O)Nc1ccc(C)c(NC(=O)c2cccc(-c3ccoc3)c2)c1,0.7560975551605225
NC(=O)c1oc2ccccc2c1NC(=O)c1cccc(-c2ccoc2)c1,0.9756097197532654
Cc1oc2ncnc(NC(=O)c3cccc(-c4ccoc4)c3)c2c1C,0.7560975551605225
CC(=O)Nc1cc(NC(=O)c2cccc(-c3ccoc3)c2)ccc1C,0.7560975551605225
O=C(Nc1cccc(-c2nnco2)c1)c1cccc(-c2ccoc2)c1,0.9024389982223511
NC(=O)c1cc(NC(=O)c2cccc(-c3ccoc3)c2)ccc1F,0.7560975551605225
O=C(Nc1ccc(F)cn1)c1cccc(-c2ccoc2)c1,0.7560975551605225
O=C(NCC1Cc2ccccc21)c1cccc(-c2ccoc2)c1,0.7560975551605225
Cc1ccc(C(N)=O)cc1NC(=O)c1cccc(-c2ccoc2)c1,0.7317072749137878
O=C(NC1COc2ccccc21)c1cccc(-c2ccoc2)c1,0.9756097197532654
O=C(Nc1ccc2c(c1)C(=O)NC2)c1cccc(-c2ccoc2)c1,0.9756097197532654
Cn1c(=O)oc2cc(NC(=O)c3cccc(-c4ccoc4)c3)ccc21,0.8536584973335266
O=C1Cc2cc(NC(=O)c3cccc(-c4ccoc4)c3)ccc2N1,0.9268292188644409
Cc1nnc(-c2cccc(NC(=O)c3cccc(-c4ccoc4)c3)c2)o1,0.8536584973335266
O=C(Nc1n[nH]c(-c2ccoc2)n1)c1cccc(-c2ccoc2)c1,0.7560975551605225
O=C(NCc1ccnc2ccccc12)c1cccc(-c2ccoc2)c1,0.7560975551605225
O=C1CC(CNC(=O)c2cccc(-c3ccoc3)c2)c2ccccc2N1,0.8292682766914368
O=C(Nc1ccc(-n2cncn2)c(F)c1)c1cccc(-c2ccoc2)c1,0.7560975551605225
Cc1n[nH]c(-c2ccc(NC(=O)c3cccc(-c4ccoc4)c3)cc2)n1,0.7560975551605225
O=C(NCc1ncc(-c2ccccc2)[nH]1)c1cccc(-c2ccoc2)c1,0.8536584973335266
NC(=O)c1n[nH]c2ccc(NC(=O)c3cccc(-c4ccoc4)c3)cc12,0.9268292188644409
O=C(Nc1ccc(-c2nc3c(F)cccc3[nH]2)cc1)c1cc[nH]c(=O)c1,0.8536584973335266
O=C(Nc1ccc(-c2nc[nH]n2)cc1)c1cccc(-c2ccoc2)c1,0.7560975551605225
O=C(NCc1nc2ccccc2[nH]1)c1cccc(-c2ccoc2)c1,0.7560975551605225
O=C(Nc1nc2ccc(F)cn2n1)c1cccc(-c2ccoc2)c1,0.9024389982223511
CN1CCc2ccc(NC(=O)c3cccc(-c4ccoc4)c3)cc2C1=O,0.9756097197532654
NC(=O)c1ccc(NC(=O)c2cccc(-c3ccoc3)c2)cn1,0.7560975551605225
Cc1nc(NC(=O)c2cccc(-c3ccoc3)c2)cc(C2CC2)n1,0.707317054271698
O=C(Nc1nc2ccc(Cl)cn2n1)c1cccc(-c2ccoc2)c1,0.8536584973335266
O=C(NCc1cc(=O)[nH]c2ccccc12)c1cccc(-c2ccoc2)c1,0.9512194991111755
NC(=O)C1CCN(C(=O)c2cccc(-c3ccoc3)c2)c2ccccc21,0.7560975551605225
NC(=O)N1CCc2cc(NC(=O)c3cccc(-c4ccoc4)c3)ccc21,0.9024389982223511
NC(=O)Cc1ccc(NC(=O)C2CC2c2cccc3ccccc23)cc1,0.7317072749137878
Cc1n[nH]c(-c2cccc(CNC(=O)c3nccc4ccccc34)c2)n1,0.7560975551605225
Cc1n[nH]c(-c2cccc(CNC(=O)c3ccc4cc[nH]c4c3)c2)n1,0.8536584973335266
O=C(Nc1cccc2c1C(=O)NC2)c1cccc(-c2ccoc2)c1,0.7804877758026123
O=C(Nc1cccc(-c2ncc[nH]2)c1)c1ccnc(OC2CCC2)c1,0.7560975551605225
O=C(Nc1cccc(-c2nnco2)c1)C1COc2ccc(F)cc2C1,0.7560975551605225
Cc1n[nH]c(-c2cccc(CNC(=O)Nc3ccc4[nH]ccc4c3)c2)n1,0.8536584973335266
O=C(Nc1cccc(-c2cn[nH]c2)c1)c1ccc2cc[nH]c2c1,0.9024389982223511
O=C(Nc1cccc(-c2ncc[nH]2)c1)C1COc2ccc(F)cc2C1,0.8536584973335266
O=C(c1cc(=O)[nH]c2ccccc12)N1CC=C(c2ccc(F)cc2)CC1,0.7560975551605225
O=C(Nc1ccc2c(c1)COC2)c1cccc(-c2ccoc2)c1,0.8536584973335266
O=C(NCc1cccc(-c2ccccn2)c1)Nc1ccc2c(c1)COC2,0.7560975551605225
Cn1cc(-c2cccc(CNC(=O)Nc3ccc4c(c3)COC4)c2)cn1,0.7560975551605225
O=C(NCc1cc(=O)[nH]c2ccccc12)Nc1ccc2c(c1)COC2,0.7560975551605225
Cc1nc2c3ccccc3nc(Nc3ccc4c(c3)oc(=O)n4C)n2n1,0.7560975551605225
O=C(Nc1ccc2nc(-c3ccccn3)[nH]c2c1)c1cc[nH]c(=O)c1,0.8536584973335266
O=C(Nc1ccc2nc(-c3ccc(Cl)cn3)[nH]c2c1)c1ccon1,0.7560975551605225
Cn1c(C(=O)Nc2cccc(-c3nc4ccccc4[nH]3)c2)cccc1=O,0.9268292188644409
O=S(=O)(Nc1nc2ccccc2[nH]1)c1cccc(-c2nnco2)c1,0.8048779964447021
O=C1OCc2cc(NC(=O)c3cc(=O)[nH]c4ccccc34)ccc21,0.9024389982223511
O=C(Nc1ccc(-c2ccccn2)cn1)c1ccc2[nH]cnc2c1,0.7804877758026123
O=c1[nH]c(-c2cc[nH]c2)nc2cc(C(F)(F)F)ccc12,0.8292682766914368
CC1CC2CN(C(=O)c3cccc4ccccc34)CCC2O1,0.7560975551605225
O=C(c1ccc2nnnn2c1)N1CCC(c2nc3ccccc3[nH]2)CC1,0.7560975551605225
O=C(Nc1ccc2c(c1)COC2=O)NC1CC2C(=O)NCC(=O)N2C1,0.7560975551605225
Cc1ccc2nc(C(C)Nc3nccc(-c4ccccn4)n3)[nH]c2c1,0.7560975551605225
O=c1[nH]c(-c2ccc3cc[nH]c3c2)nc2cc(F)c(F)cc12,0.7560975551605225
O=c1[nH]c(-c2ccc3c(c2)CCO3)nc2cc(F)ccc12,0.8536584973335266
Cc1cc(=O)[nH]c(-c2cccc(NC(=O)c3cccc4nn[nH]c34)c2)n1,0.7560975551605225
O=C1CCc2cc(C(=O)NCc3cccc4ccccc34)ccc2N1,0.9024389982223511
O=C(NCc1ccc(F)c(F)c1F)c1cccc(-c2ncc[nH]2)c1,0.7560975551605225
O=c1[nH]c(-c2ccc3c(c2)CCCN3)nc2ccccc12,0.7560975551605225
